algorithm,accuracy
RF,0.980952381
SVM,0.9682539682539683
